"shannonmelissa","Rhonda Crawford","A+ ","6722 Price Spur New Brianfort, PW 90025","Day Inc","36564 Miller Wells Apt. 842 South Krystalstad, MO 56383-1269","2002-10-18","F","Geologist, wellsite","291-52-1826","jason04@hotmail.com",638530
"nicole48","Danielle Nunez","A- ","2905 Francis Cliffs Apt. 205 Danielleville, VT 33770","Smith, Jensen and Martinez","1850 Stewart Lakes Port Michael, LA 56862-4709","1988-01-25","F","Scientist, clinical (histocompatibility and immunogenetics)","720-25-9125","mark16@gmail.com",638531
"wallacemegan","Erin Smith","AB-","90824 Lyons Falls Apt. 036 North Ashleyfurt, LA 55963","Green, Hill and Roberts","5383 Livingston Bypass Martinton, ME 38789-6689","1995-08-11","F","Artist","693-14-7887","leachsteven@hotmail.com",638532
"fcannon","Dr. Catherine Mercer","A- ","990 Harrell Stravenue Apt. 206 Meganport, RI 86165-0598","Bowman-Bell","7011 Juan Manor South Nathan, DE 19021","1988-07-27","F","Photographer","299-22-0998","duarteoscar@gmail.com",638533
"calebchandler","Mary Jefferson","B+ ","6037 Abigail Park West Theodoreburgh, MN 59130-9794","Joseph-Lee","6622 Theodore Forks Apt. 752 Teresaberg, AS 83831","2012-07-04","F","Commercial art gallery manager","691-30-9703","tiffany42@gmail.com",638534
"farmerthomas","Christina Whitehead","B+ ","02521 Elizabeth Landing Jasonmouth, IA 21885","Perry-Wilson","6969 Holly Oval Apt. 551 East Jennifer, LA 60000","1976-01-09","F","Mental health nurse","598-16-9959","deborah05@yahoo.com",638535
"ggarrett","Evan Lowery","0- ","3629 Hardin Cliff New Matthew, MI 50084-9806","Stewart, Jones and Adams","37813 Megan Island North Maxwell, MN 45683","1980-06-13","M","Television floor manager","601-68-8866","gmccarthy@hotmail.com",638536
"joshuadouglas","Jacqueline Mcdaniel","AB+","5703 Liu River Suite 458 Mindyland, OH 83783-1115","Mejia Ltd","697 Warren Land Apt. 471 Hawkinsside, ID 56190","1982-08-15","F","Environmental health practitioner","713-24-8945","jessica08@hotmail.com",638537
"fhoward","Tanya Kerr","0+ ","271 Michelle Harbor West Andrewfurt, ME 69737","Graves and Sons","781 Matthew Gateway Lake Bonniehaven, FM 74951-1933","1980-01-14","F","Statistician","291-44-0492","yallen@hotmail.com",638538
"julie64","Miguel Greer","0+ ","654 Jackson Mountain East Juliamouth, MN 98222-2775","Hopkins-Daniels","7536 Cheryl Drive Apt. 851 South Timothy, FM 36433","1985-10-27","M","Patent examiner","035-09-5607","dustin42@yahoo.com",638539
"ylynch","Marissa Jackson","B+ ","7245 Tamara Union North Melissa, ME 94531-5945","Mccoy, Walsh and Simmons","2040 Smith Trafficway Apt. 371 Lake Robertborough, NM 59526-6804","2001-09-25","F","Surveyor, rural practice","696-77-1634","marklittle@hotmail.com",638540
"solomonmichael","Ryan Smith","B+ ","53109 Harmon Station Murphyside, WY 80481-1370","Mcknight and Sons","0244 Lopez Estates East Kellyland, ND 27026-3526","2002-03-16","M","Civil Service administrator","800-68-6657","nicolewalker@gmail.com",638541
"rachel52","Collin Moss","0- ","29891 Wheeler Square Suite 270 West Deborahville, OH 67823-2118","Hill and Sons","6864 Suzanne Skyway West Susan, MN 19979","2002-08-27","M","Scientist, water quality","303-68-2233","allen89@hotmail.com",638542
"cavery","Dwayne Jackson","A- ","621 Daniel Terrace Josephberg, UT 79451","Foster Ltd","113 Davis Oval Apt. 075 New Carl, AR 22995-3638","1974-01-20","M","Industrial/product designer","735-38-7108","vbishop@yahoo.com",638543
"woodardrodney","Ronald Torres","AB-","8107 Veronica Extensions Richardberg, PR 42807-9940","Palmer, Wilson and Martin","174 Blanchard Roads Kevinport, MH 08625","1995-01-17","M","Clinical psychologist","553-07-0113","wmoss@yahoo.com",638544
"jharris","Russell Moore","0+ ","USNS Martinez FPO AP 30146","Tyler, Bryant and King","957 Stephen Plains Suite 474 New Donald, FL 56844","2007-07-01","M","Financial risk analyst","626-42-8801","amymiller@gmail.com",638545
"tsims","Adam Barber","B- ","2374 Jennifer Fields Apt. 695 West Joseshire, PA 17477","Patterson-Hammond","7048 Wendy Harbors Suite 201 Bradyfort, PW 29486-9126","1971-07-23","M","Social worker","556-63-8317","edward72@gmail.com",638546
"vpeters","Mark Morris","AB-","754 Eric Corner Suite 436 West Elizabethfurt, AR 44274-6355","Bray, Love and Miller","6738 William Crossing South Sarastad, GU 53135","2006-12-16","M","Financial planner","648-19-9463","mitchellkarla@yahoo.com",638547
"veronica10","Shelly Riggs","B- ","4086 Castillo Station Tiffanymouth, PR 28631","Brooks and Sons","1642 Susan Views Robinsonshire, AL 78338","1982-03-30","F","Curator","377-19-2698","tiffanyrobinson@yahoo.com",638548
"richard54","Derrick Hodge","AB+","10243 Joan Islands Apt. 987 Arthurside, DE 59386","Harmon-Morris","299 Brittney Plains Suite 217 East Willieburgh, WY 86945-9023","2005-06-03","M","Mudlogger","438-49-2190","kcarter@gmail.com",638549
"maria05","Neil Armstrong","A+ ","Unit 7206 Box 3701 DPO AP 82821","Norris LLC","6526 Jenkins Dam South Migueltown, GA 32705-5417","2011-02-03","M","Pensions consultant","402-13-7755","noah64@hotmail.com",638550
"jenkinssteven","Sharon Harrington","AB-","USNV Simmons FPO AE 12602","Holden-Perez","PSC 7847, Box 0584 APO AA 31605-7064","1999-07-21","F","Health service manager","681-67-2480","breanna00@gmail.com",638551
"cmorton","Tracy Sanders","B- ","4304 Brett Mills Apt. 134 Kyleburgh, VT 81125","Moore, Barber and Bolton","6392 Jeremy Ports Apt. 499 South Lisaville, AS 00663-4653","1995-03-18","F","Scientist, forensic","113-11-3949","rollinsjustin@hotmail.com",638552
"dakotamcintyre","Donna Miller","0+ ","399 Christine Meadow Martinezbury, MO 89634-1100","Lambert, Sanchez and Gomez","9674 Wilson Landing Suite 523 Port Christopher, PA 23500","1980-06-22","F","Engineer, control and instrumentation","314-77-3048","gmcclain@yahoo.com",638553
"mosleywilliam","Sarah Pope","0+ ","3456 Weber Fall Suite 080 Dunnville, MA 77606","Wright PLC","45601 Ryan Brook Suite 210 Lake Christopherhaven, VA 45676-1620","1971-07-20","F","Interior and spatial designer","001-95-7425","kelly26@yahoo.com",638554
"angeladaniels","William Davidson","0+ ","Unit 7287 Box 8044 DPO AP 58978","Hernandez-Rivera","20120 Thomas Rue Suite 166 New Brandonville, NY 72494-5108","2013-09-10","M","Health and safety inspector","606-86-7507","jean32@yahoo.com",638555
"lshannon","James Thompson","B- ","31315 Warner Falls Lawrencefurt, CO 84567-5971","Chen-Gonzales","USNS Williams FPO AE 93080","1984-05-06","M","Financial risk analyst","255-91-0063","eacevedo@gmail.com",638556